{
  "version": 1,
  "author": "Anonymous maker",
  "editor": "wokwi",
  "parts": [
    { "type": "wokwi-esp32-devkit-v1", "id": "esp", "top": -6.02, "left": -193.08, "attrs": {} },
    {
      "type": "wokwi-led",
      "id": "led1",
      "top": -74.89,
      "left": -31.02,
      "attrs": { "color": "red" }
    },
    {
      "type": "wokwi-led",
      "id": "led2",
      "top": -73.02,
      "left": 42.37,
      "attrs": { "color": "green" }
    },
    {
      "type": "wokwi-resistor",
      "id": "r1",
      "top": 34.77,
      "left": 37.19,
      "rotate": 90,
      "attrs": { "value": "1000" }
    },
    {
      "type": "wokwi-resistor",
      "id": "r2",
      "top": 32.46,
      "left": -34.41,
      "rotate": 90,
      "attrs": { "value": "1000" }
    },
    { "type": "wokwi-ks2e-m-dc5", "id": "relay1", "top": 10.08, "left": 275.32, "attrs": {} }
  ],
  "connections": [
    [ "esp:TX0", "$serialMonitor:RX", "", [] ],
    [ "esp:RX0", "$serialMonitor:TX", "", [] ],
    [ "esp:GND.1", "led2:C", "black", [ "h0" ] ],
    [ "r1:1", "led2:A", "green", [ "h0" ] ],
    [ "r2:1", "led1:A", "green", [ "h0" ] ],
    [ "esp:D15", "r2:2", "green", [ "h0" ] ],
    [ "r1:2", "relay1:NO1", "green", [ "h0" ] ],
    [ "relay1:P1", "esp:3V3", "green", [ "v0" ] ],
    [ "esp:D14", "relay1:COIL1", "green", [ "h-55.22", "v96.61", "h441.92" ] ],
    [ "esp:GND.2", "relay1:COIL2", "black", [ "h-27.96", "v56.87", "h583.17", "v-3.3" ] ],
    [ "esp:GND.1", "led1:C", "black", [ "h0" ] ]
  ]
}